path	line	pattern	class	action
.mcp.json	5	protocol	protocol	leave
GROK-USAGE.md	16	mcpserver-repl	product-tool	alias-resolve
GROK-USAGE.md	16	protocol	protocol	leave
GROK-USAGE.md	29	MCP_	sentinel	leave-sentinel
GROK-USAGE.md	57	mcpserver-repl	product-tool	alias-resolve
GROK-USAGE.md	64	mcpserver-repl	product-tool	alias-resolve
GROK-USAGE.md	64	protocol	protocol	leave
Plugin-Validation-Testing-Plan.md	315	MCP_	sentinel	leave-sentinel
Plugin-Validation-Testing-Plan.md	351	mcpserver-repl	product-tool	alias-resolve
Plugin-Validation-Testing-Plan.md	652	mcpserver-repl	product-tool	alias-resolve
Plugin-Validation-Testing-Plan.md	716	mcpserver-repl	product-tool	alias-resolve
Plugin-Validation-Testing-Plan.md	854	mcpserver-repl	product-tool	alias-resolve
Plugin-Validation-Testing-Plan.md	931	mcpserver-repl	product-tool	alias-resolve
README.md	19	mcpserver-repl	product-tool	alias-resolve
lib/ensure-repl.ps1	3	mcpserver-repl	product-tool	alias-resolve
lib/ensure-repl.ps1	4	mcpserver-repl	product-tool	alias-resolve
lib/ensure-repl.ps1	7	mcpserver-repl	product-tool	alias-resolve
lib/ensure-repl.ps1	17	mcpserver-repl	product-tool	alias-resolve
lib/ensure-repl.ps1	18	mcpserver-repl	product-tool	alias-resolve
lib/ensure-repl.ps1	22	mcpserver-repl	product-tool	alias-resolve
lib/ensure-repl.ps1	46	mcpserver-repl	product-tool	alias-resolve
lib/marker-resolver.ps1	204	MCP_	sentinel	leave-sentinel
lib/marker-resolver.ps1	210	MCP_	sentinel	leave-sentinel
lib/marker-resolver.ps1	220	MCP_	sentinel	leave-sentinel
lib/marker-resolver.ps1	224	MCP_	sentinel	leave-sentinel
lib/plugin-env.ps1	14	MCP_	product-env	alias-qbrainai-wins
lib/plugin-hook.ps1	298	MCP_	sentinel	leave-sentinel
lib/plugin-hook.ps1	679	MCP_	sentinel	leave-sentinel
lib/repl-invoke.ps1	51	mcpserver-repl	product-tool	alias-resolve
lib/repl-invoke.ps1	388	MCP_	sentinel	leave-sentinel
lib/repl-invoke.ps1	398	MCP_	sentinel	leave-sentinel
lib/repl-invoke.ps1	671	MCP_	sentinel	leave-sentinel
lib/repl-invoke.ps1	674	mcpserver-repl	product-tool	alias-resolve
lib/repl-invoke.ps1	676	mcpserver-repl	product-tool	alias-resolve
lib/repl-invoke.ps1	679	MCP_	product-env	alias-qbrainai-wins
lib/repl-invoke.ps1	680	MCP_	product-env	alias-qbrainai-wins
lib/repl-invoke.ps1	687	mcpserver-repl	product-tool	alias-resolve
lib/repl-invoke.ps1	716	mcpserver-repl	product-tool	alias-resolve
lib/repl-invoke.ps1	722	mcpserver-repl	product-tool	alias-resolve
lib/repl-invoke.ps1	739	mcpserver-repl	product-tool	alias-resolve
lib/repl-invoke.ps1	755	mcpserver-repl	product-tool	alias-resolve
lib/repl-invoke.ps1	762	mcpserver-repl	product-tool	alias-resolve
lib/repl-invoke.ps1	765	mcpserver-repl	product-tool	alias-resolve
lib/repl-invoke.ps1	946	MCP_	sentinel	leave-sentinel
schemas/repl-yaml-message.schema.json	5	mcpserver-repl	product-tool	alias-resolve
skills/clear-session/SKILL.md	15	protocol	protocol	leave
skills/memory/SKILL.md	50	protocol	protocol	leave
skills/session/SKILL.md	13	protocol	protocol	leave
skills/sync-logs/SKILL.md	9	protocol	protocol	leave
skills/sync-logs/SKILL.md	23	MCP_	sentinel	leave-sentinel
skills/wrap-up/SKILL.md	15	protocol	protocol	leave
